video id,video encoding
2644c36e-14bd-11e5-839e-8438355b7e3a,"{encoding: '1080p', height: 1080, width: 1920, bit_rates: {'3000 Kbps', '4500 Kbps', '6000 Kbps'}}"
2645e79c-14bd-11e5-a456-8438355b7e3a,"{encoding: '1080p', height: 1080, width: 1920, bit_rates: {'3000 Kbps', '4500 Kbps', '6000 Kbps'}}"
2645e8d1-14bd-11e5-958e-8438355b7e3a,"{encoding: '1080p', height: 1080, width: 1920, bit_rates: {'3000 Kbps', '4500 Kbps', '6000 Kbps'}}"
2645e9a3-14bd-11e5-9bc5-8438355b7e3a,"{encoding: '1080p', height: 1080, width: 1920, bit_rates: {'3000 Kbps', '4500 Kbps', '6000 Kbps'}}"
2645ea59-14bd-11e5-a993-8438355b7e3a,"{encoding: '1080p', height: 1080, width: 1920, bit_rates: {'3000 Kbps', '4500 Kbps', '6000 Kbps'}}"
2645eb02-14bd-11e5-b5d0-8438355b7e3a,"{encoding: '1080p', height: 1080, width: 1920, bit_rates: {'3000 Kbps', '4500 Kbps', '6000 Kbps'}}"
2645ebb8-14bd-11e5-a919-8438355b7e3a,"{encoding: '1080p', height: 1080, width: 1920, bit_rates: {'3000 Kbps', '4500 Kbps', '6000 Kbps'}}"
2645ec59-14bd-11e5-96ea-8438355b7e3a,"{encoding: '1080p', height: 1080, width: 1920, bit_rates: {'3000 Kbps', '4500 Kbps', '6000 Kbps'}}"
2645ed02-14bd-11e5-9743-8438355b7e3a,"{encoding: '1080p', height: 1080, width: 1920, bit_rates: {'3000 Kbps', '4500 Kbps', '6000 Kbps'}}"
2645ed97-14bd-11e5-8a40-8438355b7e3a,"{encoding: '1080p', height: 1080, width: 1920, bit_rates: {'3000 Kbps', '4500 Kbps', '6000 Kbps'}}"
2645ee40-14bd-11e5-8725-8438355b7e3a,"{encoding: '1080p', height: 1080, width: 1920, bit_rates: {'3000 Kbps', '4500 Kbps', '6000 Kbps'}}"
2645eed7-14bd-11e5-8e7d-8438355b7e3a,"{encoding: '1080p', height: 1080, width: 1920, bit_rates: {'3000 Kbps', '4500 Kbps', '6000 Kbps'}}"
2645ef78-14bd-11e5-b68b-8438355b7e3a,"{encoding: '1080p', height: 1080, width: 1920, bit_rates: {'3000 Kbps', '4500 Kbps', '6000 Kbps'}}"
2645f107-14bd-11e5-9321-8438355b7e3a,"{encoding: '1080p', height: 1080, width: 1920, bit_rates: {'3000 Kbps', '4500 Kbps', '6000 Kbps'}}"
2645f1bd-14bd-11e5-af1a-8438355b7e3a,"{encoding: '1080p', height: 1080, width: 1920, bit_rates: {'3000 Kbps', '4500 Kbps', '6000 Kbps'}}"
2645f25c-14bd-11e5-815d-8438355b7e3a,"{encoding: '1080p', height: 1080, width: 1920, bit_rates: {'3000 Kbps', '4500 Kbps', '6000 Kbps'}}"
2645f2fd-14bd-11e5-8162-8438355b7e3a,"{encoding: '1080p', height: 1080, width: 1920, bit_rates: {'3000 Kbps', '4500 Kbps', '6000 Kbps'}}"
2645f39c-14bd-11e5-b914-8438355b7e3a,"{encoding: '1080p', height: 1080, width: 1920, bit_rates: {'3000 Kbps', '4500 Kbps', '6000 Kbps'}}"
2645f43a-14bd-11e5-8f7b-8438355b7e3a,"{encoding: '1080p', height: 1080, width: 1920, bit_rates: {'3000 Kbps', '4500 Kbps', '6000 Kbps'}}"
2645f4d1-14bd-11e5-94d1-8438355b7e3a,"{encoding: '1080p', height: 1080, width: 1920, bit_rates: {'3000 Kbps', '4500 Kbps', '6000 Kbps'}}"
2645f570-14bd-11e5-bab9-8438355b7e3a,"{encoding: '1080p', height: 1080, width: 1920, bit_rates: {'3000 Kbps', '4500 Kbps', '6000 Kbps'}}"
2645f611-14bd-11e5-87e3-8438355b7e3a,"{encoding: '1080p', height: 1080, width: 1920, bit_rates: {'3000 Kbps', '4500 Kbps', '6000 Kbps'}}"
2645f6a6-14bd-11e5-bbaa-8438355b7e3a,"{encoding: '1080p', height: 1080, width: 1920, bit_rates: {'3000 Kbps', '4500 Kbps', '6000 Kbps'}}"
2645f747-14bd-11e5-aa97-8438355b7e3a,"{encoding: '1080p', height: 1080, width: 1920, bit_rates: {'3000 Kbps', '4500 Kbps', '6000 Kbps'}}"
2645f7de-14bd-11e5-855e-8438355b7e3a,"{encoding: '1080p', height: 1080, width: 1920, bit_rates: {'3000 Kbps', '4500 Kbps', '6000 Kbps'}}"
2645f86b-14bd-11e5-812f-8438355b7e3a,"{encoding: '1080p', height: 1080, width: 1920, bit_rates: {'3000 Kbps', '4500 Kbps', '6000 Kbps'}}"
2645f95c-14bd-11e5-953f-8438355b7e3a,"{encoding: '1080p', height: 1080, width: 1920, bit_rates: {'3000 Kbps', '4500 Kbps', '6000 Kbps'}}"
2645fa0c-14bd-11e5-b322-8438355b7e3a,"{encoding: '1080p', height: 1080, width: 1920, bit_rates: {'3000 Kbps', '4500 Kbps', '6000 Kbps'}}"
2645faae-14bd-11e5-a8d7-8438355b7e3a,"{encoding: '1080p', height: 1080, width: 1920, bit_rates: {'3000 Kbps', '4500 Kbps', '6000 Kbps'}}"
2645fb4c-14bd-11e5-8fb7-8438355b7e3a,"{encoding: '1080p', height: 1080, width: 1920, bit_rates: {'3000 Kbps', '4500 Kbps', '6000 Kbps'}}"
2645fbee-14bd-11e5-a4e5-8438355b7e3a,"{encoding: '1080p', height: 1080, width: 1920, bit_rates: {'3000 Kbps', '4500 Kbps', '6000 Kbps'}}"
2645fc82-14bd-11e5-bf45-8438355b7e3a,"{encoding: '1080p', height: 1080, width: 1920, bit_rates: {'3000 Kbps', '4500 Kbps', '6000 Kbps'}}"
2645fd23-14bd-11e5-9e17-8438355b7e3a,"{encoding: '1080p', height: 1080, width: 1920, bit_rates: {'3000 Kbps', '4500 Kbps', '6000 Kbps'}}"
2645fdc5-14bd-11e5-bb31-8438355b7e3a,"{encoding: '1080p', height: 1080, width: 1920, bit_rates: {'3000 Kbps', '4500 Kbps', '6000 Kbps'}}"
2645fe63-14bd-11e5-a8e5-8438355b7e3a,"{encoding: '1080p', height: 1080, width: 1920, bit_rates: {'3000 Kbps', '4500 Kbps', '6000 Kbps'}}"
2645fefa-14bd-11e5-b3b4-8438355b7e3a,"{encoding: '1080p', height: 1080, width: 1920, bit_rates: {'3000 Kbps', '4500 Kbps', '6000 Kbps'}}"
2645ff8f-14bd-11e5-aa1c-8438355b7e3a,"{encoding: '1080p', height: 1080, width: 1920, bit_rates: {'3000 Kbps', '4500 Kbps', '6000 Kbps'}}"
26460030-14bd-11e5-a210-8438355b7e3a,"{encoding: '1080p', height: 1080, width: 1920, bit_rates: {'3000 Kbps', '4500 Kbps', '6000 Kbps'}}"
264600c5-14bd-11e5-9dcf-8438355b7e3a,"{encoding: '1080p', height: 1080, width: 1920, bit_rates: {'3000 Kbps', '4500 Kbps', '6000 Kbps'}}"
264601a3-14bd-11e5-8c2e-8438355b7e3a,"{encoding: '1080p', height: 1080, width: 1920, bit_rates: {'3000 Kbps', '4500 Kbps', '6000 Kbps'}}"
26460254-14bd-11e5-bb52-8438355b7e3a,"{encoding: '1080p', height: 1080, width: 1920, bit_rates: {'3000 Kbps', '4500 Kbps', '6000 Kbps'}}"
264602f5-14bd-11e5-b1de-8438355b7e3a,"{encoding: '1080p', height: 1080, width: 1920, bit_rates: {'3000 Kbps', '4500 Kbps', '6000 Kbps'}}"
26460394-14bd-11e5-a06d-8438355b7e3a,"{encoding: '1080p', height: 1080, width: 1920, bit_rates: {'3000 Kbps', '4500 Kbps', '6000 Kbps'}}"
2646042b-14bd-11e5-b9f4-8438355b7e3a,"{encoding: '1080p', height: 1080, width: 1920, bit_rates: {'3000 Kbps', '4500 Kbps', '6000 Kbps'}}"
264604ca-14bd-11e5-b663-8438355b7e3a,"{encoding: '1080p', height: 1080, width: 1920, bit_rates: {'3000 Kbps', '4500 Kbps', '6000 Kbps'}}"
26460602-14bd-11e5-ba54-8438355b7e3a,"{encoding: '1080p', height: 1080, width: 1920, bit_rates: {'3000 Kbps', '4500 Kbps', '6000 Kbps'}}"
264606a3-14bd-11e5-bdd1-8438355b7e3a,"{encoding: '1080p', height: 1080, width: 1920, bit_rates: {'3000 Kbps', '4500 Kbps', '6000 Kbps'}}"
26460738-14bd-11e5-a1ad-8438355b7e3a,"{encoding: '1080p', height: 1080, width: 1920, bit_rates: {'3000 Kbps', '4500 Kbps', '6000 Kbps'}}"
264607cc-14bd-11e5-87b3-8438355b7e3a,"{encoding: '1080p', height: 1080, width: 1920, bit_rates: {'3000 Kbps', '4500 Kbps', '6000 Kbps'}}"
2646086e-14bd-11e5-bdf1-8438355b7e3a,"{encoding: '1080p', height: 1080, width: 1920, bit_rates: {'3000 Kbps', '4500 Kbps', '6000 Kbps'}}"
2646094a-14bd-11e5-b26c-8438355b7e3a,"{encoding: '1080p', height: 1080, width: 1920, bit_rates: {'3000 Kbps', '4500 Kbps', '6000 Kbps'}}"
264609f3-14bd-11e5-8bee-8438355b7e3a,"{encoding: '1080p', height: 1080, width: 1920, bit_rates: {'3000 Kbps', '4500 Kbps', '6000 Kbps'}}"
26460a9c-14bd-11e5-ac8c-8438355b7e3a,"{encoding: '1080p', height: 1080, width: 1920, bit_rates: {'3000 Kbps', '4500 Kbps', '6000 Kbps'}}"
26460b33-14bd-11e5-9d54-8438355b7e3a,"{encoding: '1080p', height: 1080, width: 1920, bit_rates: {'3000 Kbps', '4500 Kbps', '6000 Kbps'}}"
26460bd1-14bd-11e5-ac3d-8438355b7e3a,"{encoding: '1080p', height: 1080, width: 1920, bit_rates: {'3000 Kbps', '4500 Kbps', '6000 Kbps'}}"
26460c68-14bd-11e5-bf66-8438355b7e3a,"{encoding: '1080p', height: 1080, width: 1920, bit_rates: {'3000 Kbps', '4500 Kbps', '6000 Kbps'}}"
26460d07-14bd-11e5-af0f-8438355b7e3a,"{encoding: '1080p', height: 1080, width: 1920, bit_rates: {'3000 Kbps', '4500 Kbps', '6000 Kbps'}}"
26460dab-14bd-11e5-844b-8438355b7e3a,"{encoding: '1080p', height: 1080, width: 1920, bit_rates: {'3000 Kbps', '4500 Kbps', '6000 Kbps'}}"
26460e40-14bd-11e5-9db0-8438355b7e3a,"{encoding: '1080p', height: 1080, width: 1920, bit_rates: {'3000 Kbps', '4500 Kbps', '6000 Kbps'}}"
26460ee1-14bd-11e5-82b7-8438355b7e3a,"{encoding: '1080p', height: 1080, width: 1920, bit_rates: {'3000 Kbps', '4500 Kbps', '6000 Kbps'}}"
26460f78-14bd-11e5-854e-8438355b7e3a,"{encoding: '1080p', height: 1080, width: 1920, bit_rates: {'3000 Kbps', '4500 Kbps', '6000 Kbps'}}"
26461017-14bd-11e5-8299-8438355b7e3a,"{encoding: '1080p', height: 1080, width: 1920, bit_rates: {'3000 Kbps', '4500 Kbps', '6000 Kbps'}}"
264610e8-14bd-11e5-ba94-8438355b7e3a,"{encoding: '1080p', height: 1080, width: 1920, bit_rates: {'3000 Kbps', '4500 Kbps', '6000 Kbps'}}"
2646119c-14bd-11e5-b72b-8438355b7e3a,"{encoding: '1080p', height: 1080, width: 1920, bit_rates: {'3000 Kbps', '4500 Kbps', '6000 Kbps'}}"
2646123a-14bd-11e5-b9db-8438355b7e3a,"{encoding: '1080p', height: 1080, width: 1920, bit_rates: {'3000 Kbps', '4500 Kbps', '6000 Kbps'}}"
264612d1-14bd-11e5-bd8d-8438355b7e3a,"{encoding: '1080p', height: 1080, width: 1920, bit_rates: {'3000 Kbps', '4500 Kbps', '6000 Kbps'}}"
26461370-14bd-11e5-8772-8438355b7e3a,"{encoding: '1080p', height: 1080, width: 1920, bit_rates: {'3000 Kbps', '4500 Kbps', '6000 Kbps'}}"
26461411-14bd-11e5-a6a4-8438355b7e3a,"{encoding: '1080p', height: 1080, width: 1920, bit_rates: {'3000 Kbps', '4500 Kbps', '6000 Kbps'}}"
264614a6-14bd-11e5-b4b8-8438355b7e3a,"{encoding: '1080p', height: 1080, width: 1920, bit_rates: {'3000 Kbps', '4500 Kbps', '6000 Kbps'}}"
2646153d-14bd-11e5-beec-8438355b7e3a,"{encoding: '1080p', height: 1080, width: 1920, bit_rates: {'3000 Kbps', '4500 Kbps', '6000 Kbps'}}"
264615dc-14bd-11e5-ae6a-8438355b7e3a,"{encoding: '1080p', height: 1080, width: 1920, bit_rates: {'3000 Kbps', '4500 Kbps', '6000 Kbps'}}"
26461673-14bd-11e5-b968-8438355b7e3a,"{encoding: '1080p', height: 1080, width: 1920, bit_rates: {'3000 Kbps', '4500 Kbps', '6000 Kbps'}}"
26461711-14bd-11e5-b2a4-8438355b7e3a,"{encoding: '1080p', height: 1080, width: 1920, bit_rates: {'3000 Kbps', '4500 Kbps', '6000 Kbps'}}"
264617f0-14bd-11e5-8cfb-8438355b7e3a,"{encoding: '1080p', height: 1080, width: 1920, bit_rates: {'3000 Kbps', '4500 Kbps', '6000 Kbps'}}"
264618a3-14bd-11e5-8dea-8438355b7e3a,"{encoding: '1080p', height: 1080, width: 1920, bit_rates: {'3000 Kbps', '4500 Kbps', '6000 Kbps'}}"
2646193a-14bd-11e5-ae5b-8438355b7e3a,"{encoding: '1080p', height: 1080, width: 1920, bit_rates: {'3000 Kbps', '4500 Kbps', '6000 Kbps'}}"
264619cf-14bd-11e5-b7dc-8438355b7e3a,"{encoding: '1080p', height: 1080, width: 1920, bit_rates: {'3000 Kbps', '4500 Kbps', '6000 Kbps'}}"
26461a70-14bd-11e5-ad08-8438355b7e3a,"{encoding: '1080p', height: 1080, width: 1920, bit_rates: {'3000 Kbps', '4500 Kbps', '6000 Kbps'}}"
26461b05-14bd-11e5-88f4-8438355b7e3a,"{encoding: '1080p', height: 1080, width: 1920, bit_rates: {'3000 Kbps', '4500 Kbps', '6000 Kbps'}}"
26461ba6-14bd-11e5-b9ac-8438355b7e3a,"{encoding: '1080p', height: 1080, width: 1920, bit_rates: {'3000 Kbps', '4500 Kbps', '6000 Kbps'}}"
26461c45-14bd-11e5-ab17-8438355b7e3a,"{encoding: '1080p', height: 1080, width: 1920, bit_rates: {'3000 Kbps', '4500 Kbps', '6000 Kbps'}}"
26461cdc-14bd-11e5-b1e9-8438355b7e3a,"{encoding: '1080p', height: 1080, width: 1920, bit_rates: {'3000 Kbps', '4500 Kbps', '6000 Kbps'}}"
26461d7a-14bd-11e5-be54-8438355b7e3a,"{encoding: '1080p', height: 1080, width: 1920, bit_rates: {'3000 Kbps', '4500 Kbps', '6000 Kbps'}}"
26461e11-14bd-11e5-af5f-8438355b7e3a,"{encoding: '1080p', height: 1080, width: 1920, bit_rates: {'3000 Kbps', '4500 Kbps', '6000 Kbps'}}"
26461eb0-14bd-11e5-a51f-8438355b7e3a,"{encoding: '1080p', height: 1080, width: 1920, bit_rates: {'3000 Kbps', '4500 Kbps', '6000 Kbps'}}"
26461f3d-14bd-11e5-8fc2-8438355b7e3a,"{encoding: '1080p', height: 1080, width: 1920, bit_rates: {'3000 Kbps', '4500 Kbps', '6000 Kbps'}}"
26462019-14bd-11e5-b532-8438355b7e3a,"{encoding: '1080p', height: 1080, width: 1920, bit_rates: {'3000 Kbps', '4500 Kbps', '6000 Kbps'}}"
264620cf-14bd-11e5-a1dd-8438355b7e3a,"{encoding: '1080p', height: 1080, width: 1920, bit_rates: {'3000 Kbps', '4500 Kbps', '6000 Kbps'}}"
26462163-14bd-11e5-852d-8438355b7e3a,"{encoding: '1080p', height: 1080, width: 1920, bit_rates: {'3000 Kbps', '4500 Kbps', '6000 Kbps'}}"
264621fa-14bd-11e5-8200-8438355b7e3a,"{encoding: '1080p', height: 1080, width: 1920, bit_rates: {'3000 Kbps', '4500 Kbps', '6000 Kbps'}}"
26462299-14bd-11e5-82d2-8438355b7e3a,"{encoding: '1080p', height: 1080, width: 1920, bit_rates: {'3000 Kbps', '4500 Kbps', '6000 Kbps'}}"
26462330-14bd-11e5-98a5-8438355b7e3a,"{encoding: '1080p', height: 1080, width: 1920, bit_rates: {'3000 Kbps', '4500 Kbps', '6000 Kbps'}}"
264623ba-14bd-11e5-bbf5-8438355b7e3a,"{encoding: '1080p', height: 1080, width: 1920, bit_rates: {'3000 Kbps', '4500 Kbps', '6000 Kbps'}}"
26462459-14bd-11e5-b2f1-8438355b7e3a,"{encoding: '1080p', height: 1080, width: 1920, bit_rates: {'3000 Kbps', '4500 Kbps', '6000 Kbps'}}"
264624f0-14bd-11e5-b2cd-8438355b7e3a,"{encoding: '1080p', height: 1080, width: 1920, bit_rates: {'3000 Kbps', '4500 Kbps', '6000 Kbps'}}"
26462587-14bd-11e5-81af-8438355b7e3a,"{encoding: '1080p', height: 1080, width: 1920, bit_rates: {'3000 Kbps', '4500 Kbps', '6000 Kbps'}}"
2646261e-14bd-11e5-8ea7-8438355b7e3a,"{encoding: '1080p', height: 1080, width: 1920, bit_rates: {'3000 Kbps', '4500 Kbps', '6000 Kbps'}}"
264626bd-14bd-11e5-87c8-8438355b7e3a,"{encoding: '1080p', height: 1080, width: 1920, bit_rates: {'3000 Kbps', '4500 Kbps', '6000 Kbps'}}"
2646278f-14bd-11e5-88ea-8438355b7e3a,"{encoding: '1080p', height: 1080, width: 1920, bit_rates: {'3000 Kbps', '4500 Kbps', '6000 Kbps'}}"
2646283a-14bd-11e5-9495-8438355b7e3a,"{encoding: '1080p', height: 1080, width: 1920, bit_rates: {'3000 Kbps', '4500 Kbps', '6000 Kbps'}}"
264628d9-14bd-11e5-ad85-8438355b7e3a,"{encoding: '1080p', height: 1080, width: 1920, bit_rates: {'3000 Kbps', '4500 Kbps', '6000 Kbps'}}"
26462970-14bd-11e5-b911-8438355b7e3a,"{encoding: '1080p', height: 1080, width: 1920, bit_rates: {'3000 Kbps', '4500 Kbps', '6000 Kbps'}}"
26462a0f-14bd-11e5-89a8-8438355b7e3a,"{encoding: '1080p', height: 1080, width: 1920, bit_rates: {'3000 Kbps', '4500 Kbps', '6000 Kbps'}}"
26462aa6-14bd-11e5-9b96-8438355b7e3a,"{encoding: '1080p', height: 1080, width: 1920, bit_rates: {'3000 Kbps', '4500 Kbps', '6000 Kbps'}}"
26462b3d-14bd-11e5-9404-8438355b7e3a,"{encoding: '1080p', height: 1080, width: 1920, bit_rates: {'3000 Kbps', '4500 Kbps', '6000 Kbps'}}"
26462bd1-14bd-11e5-90fb-8438355b7e3a,"{encoding: '1080p', height: 1080, width: 1920, bit_rates: {'3000 Kbps', '4500 Kbps', '6000 Kbps'}}"
26462c73-14bd-11e5-818e-8438355b7e3a,"{encoding: '1080p', height: 1080, width: 1920, bit_rates: {'3000 Kbps', '4500 Kbps', '6000 Kbps'}}"
26462d07-14bd-11e5-9f68-8438355b7e3a,"{encoding: '1080p', height: 1080, width: 1920, bit_rates: {'3000 Kbps', '4500 Kbps', '6000 Kbps'}}"
26462d9e-14bd-11e5-a04b-8438355b7e3a,"{encoding: '1080p', height: 1080, width: 1920, bit_rates: {'3000 Kbps', '4500 Kbps', '6000 Kbps'}}"
26462e33-14bd-11e5-919f-8438355b7e3a,"{encoding: '1080p', height: 1080, width: 1920, bit_rates: {'3000 Kbps', '4500 Kbps', '6000 Kbps'}}"
26462f11-14bd-11e5-9739-8438355b7e3a,"{encoding: '1080p', height: 1080, width: 1920, bit_rates: {'3000 Kbps', '4500 Kbps', '6000 Kbps'}}"
26462fba-14bd-11e5-8eca-8438355b7e3a,"{encoding: '1080p', height: 1080, width: 1920, bit_rates: {'3000 Kbps', '4500 Kbps', '6000 Kbps'}}"
26463059-14bd-11e5-86c1-8438355b7e3a,"{encoding: '1080p', height: 1080, width: 1920, bit_rates: {'3000 Kbps', '4500 Kbps', '6000 Kbps'}}"
264630e6-14bd-11e5-ac72-8438355b7e3a,"{encoding: '1080p', height: 1080, width: 1920, bit_rates: {'3000 Kbps', '4500 Kbps', '6000 Kbps'}}"
2646317d-14bd-11e5-bb71-8438355b7e3a,"{encoding: '1080p', height: 1080, width: 1920, bit_rates: {'3000 Kbps', '4500 Kbps', '6000 Kbps'}}"
2646321c-14bd-11e5-b370-8438355b7e3a,"{encoding: '1080p', height: 1080, width: 1920, bit_rates: {'3000 Kbps', '4500 Kbps', '6000 Kbps'}}"
264632b3-14bd-11e5-a429-8438355b7e3a,"{encoding: '1080p', height: 1080, width: 1920, bit_rates: {'3000 Kbps', '4500 Kbps', '6000 Kbps'}}"
d86128d5-92da-1c51-b97e-832ebc8a2d2a,"{encoding: '1080p', height: 1080, width: 1920, bit_rates: {'3000 Kbps', '4500 Kbps', '6000 Kbps'}}"
b3cee0b7-6a02-1dd3-8e33-13320ac150d7,"{encoding: '1080p', height: 1080, width: 1920, bit_rates: {'3000 Kbps', '4500 Kbps', '6000 Kbps'}}"
afc64520-ec0c-15f1-a871-cc6e12177ecf,"{encoding: '1080p', height: 1080, width: 1920, bit_rates: {'3000 Kbps', '4500 Kbps', '6000 Kbps'}}"
33d41f46-b67e-18c2-9250-f1d448edde60,"{encoding: '1080p', height: 1080, width: 1920, bit_rates: {'3000 Kbps', '4500 Kbps', '6000 Kbps'}}"
352f3b6c-38d7-1c8d-b222-623ba1f44ec1,"{encoding: '1080p', height: 1080, width: 1920, bit_rates: {'3000 Kbps', '4500 Kbps', '6000 Kbps'}}"
f5f3e3ec-68b2-1b80-b4ad-dfcbfa559175,"{encoding: '1080p', height: 1080, width: 1920, bit_rates: {'3000 Kbps', '4500 Kbps', '6000 Kbps'}}"
d45ea781-4785-1b2c-87c5-c86f1b8fed2a,"{encoding: '1080p', height: 1080, width: 1920, bit_rates: {'3000 Kbps', '4500 Kbps', '6000 Kbps'}}"
d2d6873d-73c9-13d8-abcd-a9c561e80b7f,"{encoding: '1080p', height: 1080, width: 1920, bit_rates: {'3000 Kbps', '4500 Kbps', '6000 Kbps'}}"
ed78be0b-f379-1265-be8b-3f167506795f,"{encoding: '1080p', height: 1080, width: 1920, bit_rates: {'3000 Kbps', '4500 Kbps', '6000 Kbps'}}"
0c4c1ef6-ccb4-1b05-bc73-48cf8725d3b4,"{encoding: '1080p', height: 1080, width: 1920, bit_rates: {'3000 Kbps', '4500 Kbps', '6000 Kbps'}}"
06d40892-b93e-1d36-b16d-335cfcb8ee98,"{encoding: '1080p', height: 1080, width: 1920, bit_rates: {'3000 Kbps', '4500 Kbps', '6000 Kbps'}}"
b86a6709-95ae-1b02-8a00-97525c7132b0,"{encoding: '1080p', height: 1080, width: 1920, bit_rates: {'3000 Kbps', '4500 Kbps', '6000 Kbps'}}"
3835d56a-94c1-1294-b195-4917f6daa1ae,"{encoding: '1080p', height: 1080, width: 1920, bit_rates: {'3000 Kbps', '4500 Kbps', '6000 Kbps'}}"
8522b4a7-3b38-10d1-8ff3-0155f20f3a73,"{encoding: '1080p', height: 1080, width: 1920, bit_rates: {'3000 Kbps', '4500 Kbps', '6000 Kbps'}}"
76af4d43-f5da-1416-bd2b-4420541de6e6,"{encoding: '1080p', height: 1080, width: 1920, bit_rates: {'3000 Kbps', '4500 Kbps', '6000 Kbps'}}"
b2a4c946-0f05-116d-b42f-bd64b4e42a67,"{encoding: '1080p', height: 1080, width: 1920, bit_rates: {'3000 Kbps', '4500 Kbps', '6000 Kbps'}}"
20d76ef7-f5de-1d7a-a90d-3232b953aa6a,"{encoding: '1080p', height: 1080, width: 1920, bit_rates: {'3000 Kbps', '4500 Kbps', '6000 Kbps'}}"
7e0ea76a-97c9-1707-a2bf-0628daf4ee79,"{encoding: '1080p', height: 1080, width: 1920, bit_rates: {'3000 Kbps', '4500 Kbps', '6000 Kbps'}}"
b6bce92f-bb84-1451-acf8-2a08f19e78aa,"{encoding: '1080p', height: 1080, width: 1920, bit_rates: {'3000 Kbps', '4500 Kbps', '6000 Kbps'}}"
f4467818-008e-1b77-b5e3-27558f222dcb,"{encoding: '1080p', height: 1080, width: 1920, bit_rates: {'3000 Kbps', '4500 Kbps', '6000 Kbps'}}"
b62c07c9-263e-14af-84ad-d11fc07b6fce,"{encoding: '1080p', height: 1080, width: 1920, bit_rates: {'3000 Kbps', '4500 Kbps', '6000 Kbps'}}"
94496a2c-d148-192c-8280-98159d93cfd0,"{encoding: '1080p', height: 1080, width: 1920, bit_rates: {'3000 Kbps', '4500 Kbps', '6000 Kbps'}}"
830d4582-2a5c-1593-bfcc-aaed33fc15b4,"{encoding: '1080p', height: 1080, width: 1920, bit_rates: {'3000 Kbps', '4500 Kbps', '6000 Kbps'}}"
6dd1c887-5b43-1cf0-86f1-23a497f288ae,"{encoding: '1080p', height: 1080, width: 1920, bit_rates: {'3000 Kbps', '4500 Kbps', '6000 Kbps'}}"
d95cb296-d60e-1c30-8e52-eb22b23f53c9,"{encoding: '1080p', height: 1080, width: 1920, bit_rates: {'3000 Kbps', '4500 Kbps', '6000 Kbps'}}"
a6a17c6d-866c-18e1-813e-9382a43ad38b,"{encoding: '1080p', height: 1080, width: 1920, bit_rates: {'3000 Kbps', '4500 Kbps', '6000 Kbps'}}"
3c63a594-3fca-146d-8c0c-a05efb174660,"{encoding: '1080p', height: 1080, width: 1920, bit_rates: {'3000 Kbps', '4500 Kbps', '6000 Kbps'}}"
755d11bc-7e19-151e-9170-8c28262b3e52,"{encoding: '1080p', height: 1080, width: 1920, bit_rates: {'3000 Kbps', '4500 Kbps', '6000 Kbps'}}"
6a179b95-ad14-1966-b1b0-e187507c1e53,"{encoding: '1080p', height: 1080, width: 1920, bit_rates: {'3000 Kbps', '4500 Kbps', '6000 Kbps'}}"
3af7853b-482b-1a40-b15a-db5da9521f78,"{encoding: '1080p', height: 1080, width: 1920, bit_rates: {'3000 Kbps', '4500 Kbps', '6000 Kbps'}}"
9c1471bf-05f1-1df0-95eb-f6727f6cacf8,"{encoding: '1080p', height: 1080, width: 1920, bit_rates: {'3000 Kbps', '4500 Kbps', '6000 Kbps'}}"
56cbbe0f-da6a-194f-9d29-96725c9f18f9,"{encoding: '1080p', height: 1080, width: 1920, bit_rates: {'3000 Kbps', '4500 Kbps', '6000 Kbps'}}"
ed256346-3fec-1938-9441-e46b401ed7d0,"{encoding: '1080p', height: 1080, width: 1920, bit_rates: {'3000 Kbps', '4500 Kbps', '6000 Kbps'}}"
4fbbddb2-6bb3-1175-b27b-dcdb4f817eb6,"{encoding: '1080p', height: 1080, width: 1920, bit_rates: {'3000 Kbps', '4500 Kbps', '6000 Kbps'}}"
df625cb6-9322-134d-aa81-4552e0ee6aca,"{encoding: '1080p', height: 1080, width: 1920, bit_rates: {'3000 Kbps', '4500 Kbps', '6000 Kbps'}}"
c7492464-9350-1140-826e-a321033e8713,"{encoding: '1080p', height: 1080, width: 1920, bit_rates: {'3000 Kbps', '4500 Kbps', '6000 Kbps'}}"
ece87a83-2cb0-114c-b15a-40e5aa301a7d,"{encoding: '1080p', height: 1080, width: 1920, bit_rates: {'3000 Kbps', '4500 Kbps', '6000 Kbps'}}"
102c2a7d-9cb8-13ed-a10d-8f41c6217bf9,"{encoding: '1080p', height: 1080, width: 1920, bit_rates: {'3000 Kbps', '4500 Kbps', '6000 Kbps'}}"
567d3eb3-a9d0-1ee9-bfc6-5e67afb7d99e,"{encoding: '1080p', height: 1080, width: 1920, bit_rates: {'3000 Kbps', '4500 Kbps', '6000 Kbps'}}"
789fc4b1-7469-1fe2-9ac7-b310bbb691ed,"{encoding: '1080p', height: 1080, width: 1920, bit_rates: {'3000 Kbps', '4500 Kbps', '6000 Kbps'}}"
f3ce02e7-3767-1e0f-8110-18e75709677f,"{encoding: '1080p', height: 1080, width: 1920, bit_rates: {'3000 Kbps', '4500 Kbps', '6000 Kbps'}}"
78d73245-4776-191d-bed5-bf557341ffdf,"{encoding: '1080p', height: 1080, width: 1920, bit_rates: {'3000 Kbps', '4500 Kbps', '6000 Kbps'}}"
b46da1df-1d18-139e-af32-84491be3176c,"{encoding: '1080p', height: 1080, width: 1920, bit_rates: {'3000 Kbps', '4500 Kbps', '6000 Kbps'}}"
e5721532-fe3c-1ca6-a2ce-aaedf28b2791,"{encoding: '1080p', height: 1080, width: 1920, bit_rates: {'3000 Kbps', '4500 Kbps', '6000 Kbps'}}"
5f55c21f-e812-1095-871c-d66aa25322fa,"{encoding: '1080p', height: 1080, width: 1920, bit_rates: {'3000 Kbps', '4500 Kbps', '6000 Kbps'}}"
a9a2c9cf-bbfa-1fbd-96bb-f3f2ce15b0a7,"{encoding: '1080p', height: 1080, width: 1920, bit_rates: {'3000 Kbps', '4500 Kbps', '6000 Kbps'}}"
37a76d58-27d0-10c3-af00-e614fe6a0b2f,"{encoding: '1080p', height: 1080, width: 1920, bit_rates: {'3000 Kbps', '4500 Kbps', '6000 Kbps'}}"
24153e4f-123d-1cbe-a767-d9a28972a31d,"{encoding: '1080p', height: 1080, width: 1920, bit_rates: {'3000 Kbps', '4500 Kbps', '6000 Kbps'}}"
e06b559b-3502-1749-947f-52c8ea225c76,"{encoding: '1080p', height: 1080, width: 1920, bit_rates: {'3000 Kbps', '4500 Kbps', '6000 Kbps'}}"
d2296729-bbd1-1e87-8dd8-265d0ba30d04,"{encoding: '1080p', height: 1080, width: 1920, bit_rates: {'3000 Kbps', '4500 Kbps', '6000 Kbps'}}"
148f2dd7-0a13-17a1-bfe6-aea65d5472c7,"{encoding: '1080p', height: 1080, width: 1920, bit_rates: {'3000 Kbps', '4500 Kbps', '6000 Kbps'}}"
18947d35-1fce-1dc9-bcef-81d9c755a1f9,"{encoding: '1080p', height: 1080, width: 1920, bit_rates: {'3000 Kbps', '4500 Kbps', '6000 Kbps'}}"
14786325-2499-10a6-8c25-3df41324ccfa,"{encoding: '1080p', height: 1080, width: 1920, bit_rates: {'3000 Kbps', '4500 Kbps', '6000 Kbps'}}"
7296c29b-2cab-10fe-a4e0-1779d585440d,"{encoding: '1080p', height: 1080, width: 1920, bit_rates: {'3000 Kbps', '4500 Kbps', '6000 Kbps'}}"
1f9a1c9f-44a1-153f-902b-67ef66fd7b1c,"{encoding: '1080p', height: 1080, width: 1920, bit_rates: {'3000 Kbps', '4500 Kbps', '6000 Kbps'}}"
0a29f63f-2d6c-10c5-b385-8c55d3dcc2fc,"{encoding: '1080p', height: 1080, width: 1920, bit_rates: {'3000 Kbps', '4500 Kbps', '6000 Kbps'}}"
a223e4da-9702-1ea0-9375-6befd64ed977,"{encoding: '1080p', height: 1080, width: 1920, bit_rates: {'3000 Kbps', '4500 Kbps', '6000 Kbps'}}"
d3d1afb7-5107-137a-afca-f6fb8c9e3376,"{encoding: '1080p', height: 1080, width: 1920, bit_rates: {'3000 Kbps', '4500 Kbps', '6000 Kbps'}}"
ef619531-a103-17d0-8d0c-a0a2b41ede2b,"{encoding: '1080p', height: 1080, width: 1920, bit_rates: {'3000 Kbps', '4500 Kbps', '6000 Kbps'}}"
b3328dbb-5e82-1026-ae51-ce63a3971dce,"{encoding: '1080p', height: 1080, width: 1920, bit_rates: {'3000 Kbps', '4500 Kbps', '6000 Kbps'}}"
a804df0a-e21e-1e13-82f9-81bfbc2e7e0d,"{encoding: '1080p', height: 1080, width: 1920, bit_rates: {'3000 Kbps', '4500 Kbps', '6000 Kbps'}}"
235bc057-5a90-1f75-aa47-c8fcdcae2046,"{encoding: '1080p', height: 1080, width: 1920, bit_rates: {'3000 Kbps', '4500 Kbps', '6000 Kbps'}}"
9abb99e7-5667-1cfc-8158-493868f24ee6,"{encoding: '1080p', height: 1080, width: 1920, bit_rates: {'3000 Kbps', '4500 Kbps', '6000 Kbps'}}"
69f8dadc-27fb-10a9-8dbb-9f2c18c3df89,"{encoding: '1080p', height: 1080, width: 1920, bit_rates: {'3000 Kbps', '4500 Kbps', '6000 Kbps'}}"
b5ad55fc-01b4-1fd3-8cea-09f8dc194f4e,"{encoding: '1080p', height: 1080, width: 1920, bit_rates: {'3000 Kbps', '4500 Kbps', '6000 Kbps'}}"
4f99f653-003e-1299-8670-d9c6d6fa2584,"{encoding: '1080p', height: 1080, width: 1920, bit_rates: {'3000 Kbps', '4500 Kbps', '6000 Kbps'}}"
a04e224f-fb95-1b6e-9c86-3357c586ebe6,"{encoding: '1080p', height: 1080, width: 1920, bit_rates: {'3000 Kbps', '4500 Kbps', '6000 Kbps'}}"
2b995f13-c632-1e93-85a4-67acaacb6cd9,"{encoding: '1080p', height: 1080, width: 1920, bit_rates: {'3000 Kbps', '4500 Kbps', '6000 Kbps'}}"
ca10b7df-da24-1438-8e40-4d9001148c14,"{encoding: '1080p', height: 1080, width: 1920, bit_rates: {'3000 Kbps', '4500 Kbps', '6000 Kbps'}}"
6d58bba9-8ffa-1b0f-bf9e-641f86df77ea,"{encoding: '1080p', height: 1080, width: 1920, bit_rates: {'3000 Kbps', '4500 Kbps', '6000 Kbps'}}"
9db21b85-78e6-1dda-952d-b47dcbfa8cda,"{encoding: '1080p', height: 1080, width: 1920, bit_rates: {'3000 Kbps', '4500 Kbps', '6000 Kbps'}}"
a8518a39-7d6a-12f2-87f8-4c93af50743e,"{encoding: '1080p', height: 1080, width: 1920, bit_rates: {'3000 Kbps', '4500 Kbps', '6000 Kbps'}}"
467ffba0-2583-11e0-a11b-bc166248f736,"{encoding: '1080p', height: 1080, width: 1920, bit_rates: {'3000 Kbps', '4500 Kbps', '6000 Kbps'}}"
c5f47564-f005-12f4-89f5-af80bf3930ff,"{encoding: '1080p', height: 1080, width: 1920, bit_rates: {'3000 Kbps', '4500 Kbps', '6000 Kbps'}}"
e933b01c-2c37-1a81-ad10-9700d79af194,"{encoding: '1080p', height: 1080, width: 1920, bit_rates: {'3000 Kbps', '4500 Kbps', '6000 Kbps'}}"
17e1a264-d56c-1dd6-8878-286708ac2404,"{encoding: '1080p', height: 1080, width: 1920, bit_rates: {'3000 Kbps', '4500 Kbps', '6000 Kbps'}}"
f5bd74b3-f153-180b-97ff-4f8ed9886457,"{encoding: '1080p', height: 1080, width: 1920, bit_rates: {'3000 Kbps', '4500 Kbps', '6000 Kbps'}}"
6db8c396-1f16-13ce-8f93-bd647dfa5e73,"{encoding: '1080p', height: 1080, width: 1920, bit_rates: {'3000 Kbps', '4500 Kbps', '6000 Kbps'}}"
6c4cffb9-0dc4-1d59-af24-c960b5fc3652,"{encoding: '1080p', height: 1080, width: 1920, bit_rates: {'3000 Kbps', '4500 Kbps', '6000 Kbps'}}"
50ff92b9-48e8-13ab-9bbf-b3b7b1a2797b,"{encoding: '1080p', height: 1080, width: 1920, bit_rates: {'3000 Kbps', '4500 Kbps', '6000 Kbps'}}"
52dcb04d-5e9c-1d67-8005-6bdea5d6c10a,"{encoding: '1080p', height: 1080, width: 1920, bit_rates: {'3000 Kbps', '4500 Kbps', '6000 Kbps'}}"
cfbae4d6-da44-1b2c-b3e4-df6f517f0fe1,"{encoding: '1080p', height: 1080, width: 1920, bit_rates: {'3000 Kbps', '4500 Kbps', '6000 Kbps'}}"
8f72fbd9-ccba-14df-891b-c31f3565d470,"{encoding: '1080p', height: 1080, width: 1920, bit_rates: {'3000 Kbps', '4500 Kbps', '6000 Kbps'}}"
e39176ff-b84b-1ebc-bdae-08c0facc7c1f,"{encoding: '1080p', height: 1080, width: 1920, bit_rates: {'3000 Kbps', '4500 Kbps', '6000 Kbps'}}"
b5403943-e392-1fc6-8dca-bec1f64a139f,"{encoding: '1080p', height: 1080, width: 1920, bit_rates: {'3000 Kbps', '4500 Kbps', '6000 Kbps'}}"
1b02f1e2-ac50-1fda-936c-454940861f16,"{encoding: '1080p', height: 1080, width: 1920, bit_rates: {'3000 Kbps', '4500 Kbps', '6000 Kbps'}}"
d9ab570d-2e67-1d5b-953b-68a5fdbd9f51,"{encoding: '1080p', height: 1080, width: 1920, bit_rates: {'3000 Kbps', '4500 Kbps', '6000 Kbps'}}"
f71f17c3-dd8f-18cd-8d82-7b298851128f,"{encoding: '1080p', height: 1080, width: 1920, bit_rates: {'3000 Kbps', '4500 Kbps', '6000 Kbps'}}"
b9d9655f-5c53-1000-b93b-82d44a8f9ef7,"{encoding: '1080p', height: 1080, width: 1920, bit_rates: {'3000 Kbps', '4500 Kbps', '6000 Kbps'}}"
5c6d3de4-1ef6-17ce-b4f7-a5471c7c369f,"{encoding: '1080p', height: 1080, width: 1920, bit_rates: {'3000 Kbps', '4500 Kbps', '6000 Kbps'}}"
98aad031-6be0-1402-add4-a03dcb09e263,"{encoding: '1080p', height: 1080, width: 1920, bit_rates: {'3000 Kbps', '4500 Kbps', '6000 Kbps'}}"
727877ef-1b8a-11bf-b4a9-594785b38a98,"{encoding: '1080p', height: 1080, width: 1920, bit_rates: {'3000 Kbps', '4500 Kbps', '6000 Kbps'}}"
9f8486b7-8ba1-184d-a52a-3a8b5cbadb11,"{encoding: '1080p', height: 1080, width: 1920, bit_rates: {'3000 Kbps', '4500 Kbps', '6000 Kbps'}}"
2c366de4-6ccc-1142-ba73-174b975f3f69,"{encoding: '1080p', height: 1080, width: 1920, bit_rates: {'3000 Kbps', '4500 Kbps', '6000 Kbps'}}"
d8ad7b77-0e34-125d-8ba3-eb0c4d923644,"{encoding: '1080p', height: 1080, width: 1920, bit_rates: {'3000 Kbps', '4500 Kbps', '6000 Kbps'}}"
4094159d-f78e-19cd-b283-b6fcba809852,"{encoding: '1080p', height: 1080, width: 1920, bit_rates: {'3000 Kbps', '4500 Kbps', '6000 Kbps'}}"
89d261cd-35d3-193d-81bf-20004c2db353,"{encoding: '1080p', height: 1080, width: 1920, bit_rates: {'3000 Kbps', '4500 Kbps', '6000 Kbps'}}"
be618584-ab51-146f-8fc2-ad7770be42f3,"{encoding: '1080p', height: 1080, width: 1920, bit_rates: {'3000 Kbps', '4500 Kbps', '6000 Kbps'}}"
5ef6e6e5-e17b-14da-b4f1-697c342f06c0,"{encoding: '1080p', height: 1080, width: 1920, bit_rates: {'3000 Kbps', '4500 Kbps', '6000 Kbps'}}"
cbd2d039-6ad7-1129-995f-de5f7a47d181,"{encoding: '1080p', height: 1080, width: 1920, bit_rates: {'3000 Kbps', '4500 Kbps', '6000 Kbps'}}"
4569040e-6903-1417-a4b4-731e3d82568c,"{encoding: '1080p', height: 1080, width: 1920, bit_rates: {'3000 Kbps', '4500 Kbps', '6000 Kbps'}}"
bc03d4ab-4097-17cb-b33d-9b15bfcd8938,"{encoding: '1080p', height: 1080, width: 1920, bit_rates: {'3000 Kbps', '4500 Kbps', '6000 Kbps'}}"
1d697174-c886-10cb-859f-6198c9162f71,"{encoding: '1080p', height: 1080, width: 1920, bit_rates: {'3000 Kbps', '4500 Kbps', '6000 Kbps'}}"
0f87c259-0d6c-1ac7-bcc6-ea8f2948f51d,"{encoding: '1080p', height: 1080, width: 1920, bit_rates: {'3000 Kbps', '4500 Kbps', '6000 Kbps'}}"
e7c8b23b-28e2-1de3-8a4e-e89f9fd25460,"{encoding: '1080p', height: 1080, width: 1920, bit_rates: {'3000 Kbps', '4500 Kbps', '6000 Kbps'}}"
2a64e3e5-6c02-16e1-98ff-b964171ac8f1,"{encoding: '1080p', height: 1080, width: 1920, bit_rates: {'3000 Kbps', '4500 Kbps', '6000 Kbps'}}"
1214a749-3fb5-1170-b8e5-9a6a8d2b80f8,"{encoding: '1080p', height: 1080, width: 1920, bit_rates: {'3000 Kbps', '4500 Kbps', '6000 Kbps'}}"
fa3644c1-9a0b-1bc4-b419-3e41d271ca04,"{encoding: '1080p', height: 1080, width: 1920, bit_rates: {'3000 Kbps', '4500 Kbps', '6000 Kbps'}}"
1f00f1d3-785c-10a5-8a77-e1e6f655f771,"{encoding: '1080p', height: 1080, width: 1920, bit_rates: {'3000 Kbps', '4500 Kbps', '6000 Kbps'}}"
58461b7c-eef3-1421-87d1-41c696f1eb71,"{encoding: '1080p', height: 1080, width: 1920, bit_rates: {'3000 Kbps', '4500 Kbps', '6000 Kbps'}}"
22f09335-eea9-1614-8db8-708f3f6b6df3,"{encoding: '1080p', height: 1080, width: 1920, bit_rates: {'3000 Kbps', '4500 Kbps', '6000 Kbps'}}"
6a99d088-57ed-1958-87cf-8b6d302b41e3,"{encoding: '1080p', height: 1080, width: 1920, bit_rates: {'3000 Kbps', '4500 Kbps', '6000 Kbps'}}"
1164f48a-82be-199f-9441-d459aeca1a1e,"{encoding: '1080p', height: 1080, width: 1920, bit_rates: {'3000 Kbps', '4500 Kbps', '6000 Kbps'}}"
ab04fec2-f636-16b5-88cb-754aedc3f82a,"{encoding: '1080p', height: 1080, width: 1920, bit_rates: {'3000 Kbps', '4500 Kbps', '6000 Kbps'}}"
33d38a8d-5bd0-1e88-a321-0dc2db361dc7,"{encoding: '1080p', height: 1080, width: 1920, bit_rates: {'3000 Kbps', '4500 Kbps', '6000 Kbps'}}"
f357c694-5b36-1eca-a7b9-2fe52e7eb59c,"{encoding: '1080p', height: 1080, width: 1920, bit_rates: {'3000 Kbps', '4500 Kbps', '6000 Kbps'}}"
baeebf52-c403-1792-a1ed-af3fd61981a5,"{encoding: '1080p', height: 1080, width: 1920, bit_rates: {'3000 Kbps', '4500 Kbps', '6000 Kbps'}}"
090384df-76c1-1c81-be02-4d80f28a0a6f,"{encoding: '1080p', height: 1080, width: 1920, bit_rates: {'3000 Kbps', '4500 Kbps', '6000 Kbps'}}"
cee6451f-ca8e-10bb-93ab-c6ee0b7bbc9d,"{encoding: '1080p', height: 1080, width: 1920, bit_rates: {'3000 Kbps', '4500 Kbps', '6000 Kbps'}}"
8c183c3f-ec10-16fa-abf0-30e2fddaae30,"{encoding: '1080p', height: 1080, width: 1920, bit_rates: {'3000 Kbps', '4500 Kbps', '6000 Kbps'}}"
c350b26d-1ce5-1046-b0c6-a2aa35c24193,"{encoding: '1080p', height: 1080, width: 1920, bit_rates: {'3000 Kbps', '4500 Kbps', '6000 Kbps'}}"
37f82815-0f27-1871-92f8-cf4884ef8ce7,"{encoding: '1080p', height: 1080, width: 1920, bit_rates: {'3000 Kbps', '4500 Kbps', '6000 Kbps'}}"
41cb6e34-1845-1806-ab89-c8012c50bacf,"{encoding: '1080p', height: 1080, width: 1920, bit_rates: {'3000 Kbps', '4500 Kbps', '6000 Kbps'}}"
f1d957aa-c58c-1e13-95e4-3bbc697d6e74,"{encoding: '1080p', height: 1080, width: 1920, bit_rates: {'3000 Kbps', '4500 Kbps', '6000 Kbps'}}"
3238ce81-dec2-1738-a23c-5ff5b2902a32,"{encoding: '1080p', height: 1080, width: 1920, bit_rates: {'3000 Kbps', '4500 Kbps', '6000 Kbps'}}"
660eeff1-7457-1d48-b3e3-d990986cff11,"{encoding: '1080p', height: 1080, width: 1920, bit_rates: {'3000 Kbps', '4500 Kbps', '6000 Kbps'}}"
f6cee811-bc7a-1459-9d41-282138f51146,"{encoding: '1080p', height: 1080, width: 1920, bit_rates: {'3000 Kbps', '4500 Kbps', '6000 Kbps'}}"
f8c169d3-eaf9-1df9-8157-991ec0f25c0f,"{encoding: '1080p', height: 1080, width: 1920, bit_rates: {'3000 Kbps', '4500 Kbps', '6000 Kbps'}}"
270a4769-bce9-1efe-b202-a912f47aa3a5,"{encoding: '1080p', height: 1080, width: 1920, bit_rates: {'3000 Kbps', '4500 Kbps', '6000 Kbps'}}"
14f0a299-9b27-1a15-9a83-116fce653f40,"{encoding: '1080p', height: 1080, width: 1920, bit_rates: {'3000 Kbps', '4500 Kbps', '6000 Kbps'}}"
c2e01413-fafd-1514-8401-61471844a8a2,"{encoding: '1080p', height: 1080, width: 1920, bit_rates: {'3000 Kbps', '4500 Kbps', '6000 Kbps'}}"
bc94f24d-42f3-186a-a18c-01ac2d4219fb,"{encoding: '1080p', height: 1080, width: 1920, bit_rates: {'3000 Kbps', '4500 Kbps', '6000 Kbps'}}"
1972d940-1d98-1223-b3a5-39f524c369a4,"{encoding: '1080p', height: 1080, width: 1920, bit_rates: {'3000 Kbps', '4500 Kbps', '6000 Kbps'}}"
46c49b6c-4392-15ce-b4df-6065e9e09205,"{encoding: '1080p', height: 1080, width: 1920, bit_rates: {'3000 Kbps', '4500 Kbps', '6000 Kbps'}}"
f47353ac-07a4-1a7f-a903-0e7e751b6bc9,"{encoding: '1080p', height: 1080, width: 1920, bit_rates: {'3000 Kbps', '4500 Kbps', '6000 Kbps'}}"
87ff3b48-20bb-195b-b590-9b4979ff2174,"{encoding: '1080p', height: 1080, width: 1920, bit_rates: {'3000 Kbps', '4500 Kbps', '6000 Kbps'}}"
3c791cc5-0c13-1cc9-b631-60a508c7293c,"{encoding: '1080p', height: 1080, width: 1920, bit_rates: {'3000 Kbps', '4500 Kbps', '6000 Kbps'}}"
d6b62ec5-d3fa-130a-a3e9-8b95aa25a13e,"{encoding: '1080p', height: 1080, width: 1920, bit_rates: {'3000 Kbps', '4500 Kbps', '6000 Kbps'}}"
548b6976-da00-1b1b-af50-40486f9f4ba4,"{encoding: '1080p', height: 1080, width: 1920, bit_rates: {'3000 Kbps', '4500 Kbps', '6000 Kbps'}}"
7155eb9e-ce67-1562-bd62-b0de87c90996,"{encoding: '1080p', height: 1080, width: 1920, bit_rates: {'3000 Kbps', '4500 Kbps', '6000 Kbps'}}"
db505599-41c4-1eb0-9a26-37cb68b4ef9e,"{encoding: '1080p', height: 1080, width: 1920, bit_rates: {'3000 Kbps', '4500 Kbps', '6000 Kbps'}}"
69b717f0-f5f3-131c-b798-0ce07cdae63f,"{encoding: '1080p', height: 1080, width: 1920, bit_rates: {'3000 Kbps', '4500 Kbps', '6000 Kbps'}}"
4f51ae28-c4c8-1648-a259-34fc6de86dc3,"{encoding: '1080p', height: 1080, width: 1920, bit_rates: {'3000 Kbps', '4500 Kbps', '6000 Kbps'}}"
5f7a4666-1881-1c09-975d-64d81f9ab59f,"{encoding: '1080p', height: 1080, width: 1920, bit_rates: {'3000 Kbps', '4500 Kbps', '6000 Kbps'}}"
6947ae77-ee30-1e19-80fe-c8a21847d188,"{encoding: '1080p', height: 1080, width: 1920, bit_rates: {'3000 Kbps', '4500 Kbps', '6000 Kbps'}}"
1013e685-b0a4-1f3d-ad61-94706e73b8a6,"{encoding: '1080p', height: 1080, width: 1920, bit_rates: {'3000 Kbps', '4500 Kbps', '6000 Kbps'}}"
da4e1579-4a0e-1262-bfea-75f3feee89bb,"{encoding: '1080p', height: 1080, width: 1920, bit_rates: {'3000 Kbps', '4500 Kbps', '6000 Kbps'}}"
ad4de18a-a27f-1e56-b312-266ff39dd219,"{encoding: '1080p', height: 1080, width: 1920, bit_rates: {'3000 Kbps', '4500 Kbps', '6000 Kbps'}}"
12a13adc-2f8a-1b35-9f87-cf3dedcc931e,"{encoding: '1080p', height: 1080, width: 1920, bit_rates: {'3000 Kbps', '4500 Kbps', '6000 Kbps'}}"
80931396-57a8-160f-b656-2c83c70af699,"{encoding: '1080p', height: 1080, width: 1920, bit_rates: {'3000 Kbps', '4500 Kbps', '6000 Kbps'}}"
37a28e89-c87a-115d-a6f6-56da454c3553,"{encoding: '1080p', height: 1080, width: 1920, bit_rates: {'3000 Kbps', '4500 Kbps', '6000 Kbps'}}"
fbc25f76-cc5b-1ca9-89c1-2c4a2763171e,"{encoding: '1080p', height: 1080, width: 1920, bit_rates: {'3000 Kbps', '4500 Kbps', '6000 Kbps'}}"
eb798782-fb45-1c02-813f-7adbedb00106,"{encoding: '1080p', height: 1080, width: 1920, bit_rates: {'3000 Kbps', '4500 Kbps', '6000 Kbps'}}"
4611ab1d-2a66-1368-a949-a85bee553cf5,"{encoding: '1080p', height: 1080, width: 1920, bit_rates: {'3000 Kbps', '4500 Kbps', '6000 Kbps'}}"
c3fa0ebe-d511-1d1a-8c97-02ff0e88957a,"{encoding: '1080p', height: 1080, width: 1920, bit_rates: {'3000 Kbps', '4500 Kbps', '6000 Kbps'}}"
38f51adc-ab32-17fb-98c6-a0e1f7ee696c,"{encoding: '1080p', height: 1080, width: 1920, bit_rates: {'3000 Kbps', '4500 Kbps', '6000 Kbps'}}"
a4b54706-1dde-1915-aebb-2ee3e210460d,"{encoding: '1080p', height: 1080, width: 1920, bit_rates: {'3000 Kbps', '4500 Kbps', '6000 Kbps'}}"
5cd94afb-e6da-1d4a-a2ec-f82717e74b8c,"{encoding: '1080p', height: 1080, width: 1920, bit_rates: {'3000 Kbps', '4500 Kbps', '6000 Kbps'}}"
7bd84d02-6338-1e9b-a6d5-faa9b4c4afe0,"{encoding: '1080p', height: 1080, width: 1920, bit_rates: {'3000 Kbps', '4500 Kbps', '6000 Kbps'}}"
6660f4de-ae61-1b71-9c3e-992b91928fb2,"{encoding: '1080p', height: 1080, width: 1920, bit_rates: {'3000 Kbps', '4500 Kbps', '6000 Kbps'}}"
1ad95954-72be-18e0-828a-8e3e2fcbbdc9,"{encoding: '1080p', height: 1080, width: 1920, bit_rates: {'3000 Kbps', '4500 Kbps', '6000 Kbps'}}"
1ec8b127-c454-1c5a-88f0-2d3303ba8425,"{encoding: '1080p', height: 1080, width: 1920, bit_rates: {'3000 Kbps', '4500 Kbps', '6000 Kbps'}}"
b6359bc6-1223-1db0-90be-8e1f8d5d7720,"{encoding: '1080p', height: 1080, width: 1920, bit_rates: {'3000 Kbps', '4500 Kbps', '6000 Kbps'}}"
7fdbde67-beca-1285-9888-90f93085d4ac,"{encoding: '1080p', height: 1080, width: 1920, bit_rates: {'3000 Kbps', '4500 Kbps', '6000 Kbps'}}"
2d890e3c-b68c-1af7-a86b-433b6c32105b,"{encoding: '1080p', height: 1080, width: 1920, bit_rates: {'3000 Kbps', '4500 Kbps', '6000 Kbps'}}"
6747bc1c-c313-110a-a23a-d15b9b2e6741,"{encoding: '1080p', height: 1080, width: 1920, bit_rates: {'3000 Kbps', '4500 Kbps', '6000 Kbps'}}"
686c55fe-8835-1382-90da-0473d7ab42f2,"{encoding: '1080p', height: 1080, width: 1920, bit_rates: {'3000 Kbps', '4500 Kbps', '6000 Kbps'}}"
350eb231-fbfc-1aa3-aad9-3b5f7bf03c13,"{encoding: '1080p', height: 1080, width: 1920, bit_rates: {'3000 Kbps', '4500 Kbps', '6000 Kbps'}}"
e9d889a5-2dea-1c22-913f-6e0bdbb9883e,"{encoding: '1080p', height: 1080, width: 1920, bit_rates: {'3000 Kbps', '4500 Kbps', '6000 Kbps'}}"
ffe8fff7-f9f3-1c9d-b963-eb098a97c7f4,"{encoding: '1080p', height: 1080, width: 1920, bit_rates: {'3000 Kbps', '4500 Kbps', '6000 Kbps'}}"
deaf7f3b-9d50-1f0b-859b-f8f61bdc4344,"{encoding: '1080p', height: 1080, width: 1920, bit_rates: {'3000 Kbps', '4500 Kbps', '6000 Kbps'}}"
2300078f-52d5-1c04-bf29-958a1016396b,"{encoding: '1080p', height: 1080, width: 1920, bit_rates: {'3000 Kbps', '4500 Kbps', '6000 Kbps'}}"
2b58135c-777c-14bd-95be-fdb3d1e4bef6,"{encoding: '1080p', height: 1080, width: 1920, bit_rates: {'3000 Kbps', '4500 Kbps', '6000 Kbps'}}"
ccc13504-201c-15aa-ba48-d1ffa34cd7c7,"{encoding: '1080p', height: 1080, width: 1920, bit_rates: {'3000 Kbps', '4500 Kbps', '6000 Kbps'}}"
ea305944-ef5d-1341-b592-b9eae3157bfc,"{encoding: '1080p', height: 1080, width: 1920, bit_rates: {'3000 Kbps', '4500 Kbps', '6000 Kbps'}}"
dbf264e6-0ef3-1c9a-abed-b0fd5246b8ff,"{encoding: '1080p', height: 1080, width: 1920, bit_rates: {'3000 Kbps', '4500 Kbps', '6000 Kbps'}}"
5e9795c2-52ec-1e8a-ad0b-b8a3ad2ea015,"{encoding: '1080p', height: 1080, width: 1920, bit_rates: {'3000 Kbps', '4500 Kbps', '6000 Kbps'}}"
a0f4c2b2-1f65-1fdf-b899-3ac886a1a181,"{encoding: '1080p', height: 1080, width: 1920, bit_rates: {'3000 Kbps', '4500 Kbps', '6000 Kbps'}}"
85749ac4-7e08-1c71-b2f0-ac45d23d6a52,"{encoding: '1080p', height: 1080, width: 1920, bit_rates: {'3000 Kbps', '4500 Kbps', '6000 Kbps'}}"
b2b48c46-7d04-1c9a-b23a-5af01a4241b1,"{encoding: '1080p', height: 1080, width: 1920, bit_rates: {'3000 Kbps', '4500 Kbps', '6000 Kbps'}}"
0f17a53f-5012-1e31-9fd2-3f85e0b0ed55,"{encoding: '1080p', height: 1080, width: 1920, bit_rates: {'3000 Kbps', '4500 Kbps', '6000 Kbps'}}"
80bfd2aa-c82b-1b0b-935b-41a663542e7e,"{encoding: '1080p', height: 1080, width: 1920, bit_rates: {'3000 Kbps', '4500 Kbps', '6000 Kbps'}}"
d9fbe040-8dae-1e52-9aea-64152ba34dc5,"{encoding: '1080p', height: 1080, width: 1920, bit_rates: {'3000 Kbps', '4500 Kbps', '6000 Kbps'}}"
ee92eafa-8c6b-1bae-8e6e-20fdb300bab5,"{encoding: '1080p', height: 1080, width: 1920, bit_rates: {'3000 Kbps', '4500 Kbps', '6000 Kbps'}}"
ecd7695c-ab3d-16fe-8293-2407df6a92d6,"{encoding: '1080p', height: 1080, width: 1920, bit_rates: {'3000 Kbps', '4500 Kbps', '6000 Kbps'}}"
8ab0270f-1d28-195a-ba6f-d01cd61eee52,"{encoding: '1080p', height: 1080, width: 1920, bit_rates: {'3000 Kbps', '4500 Kbps', '6000 Kbps'}}"
4fb4523b-482f-146c-afa7-a0b83315ed98,"{encoding: '1080p', height: 1080, width: 1920, bit_rates: {'3000 Kbps', '4500 Kbps', '6000 Kbps'}}"
e7d70ffc-b94f-15a8-b2ee-6ef4ccaf6227,"{encoding: '1080p', height: 1080, width: 1920, bit_rates: {'3000 Kbps', '4500 Kbps', '6000 Kbps'}}"
b395ba57-39eb-1cbf-8a9b-08003df33121,"{encoding: '1080p', height: 1080, width: 1920, bit_rates: {'3000 Kbps', '4500 Kbps', '6000 Kbps'}}"
d02e33cb-492e-1cae-aa9a-92b780f5b1ca,"{encoding: '1080p', height: 1080, width: 1920, bit_rates: {'3000 Kbps', '4500 Kbps', '6000 Kbps'}}"
28a467e4-0de6-1cdd-8022-a4ea08e48d20,"{encoding: '1080p', height: 1080, width: 1920, bit_rates: {'3000 Kbps', '4500 Kbps', '6000 Kbps'}}"
c9a17734-c61f-11fc-9526-1a48a2951d9d,"{encoding: '1080p', height: 1080, width: 1920, bit_rates: {'3000 Kbps', '4500 Kbps', '6000 Kbps'}}"
836c09af-4b3d-1423-8a40-018a99c03edf,"{encoding: '1080p', height: 1080, width: 1920, bit_rates: {'3000 Kbps', '4500 Kbps', '6000 Kbps'}}"
bd7102bf-3447-1317-85d6-baef2887f171,"{encoding: '1080p', height: 1080, width: 1920, bit_rates: {'3000 Kbps', '4500 Kbps', '6000 Kbps'}}"
fa1875d6-07f9-18db-89a1-cfc3b9560d91,"{encoding: '1080p', height: 1080, width: 1920, bit_rates: {'3000 Kbps', '4500 Kbps', '6000 Kbps'}}"
abebc043-0975-1d3b-ad50-ab85771e7d0c,"{encoding: '1080p', height: 1080, width: 1920, bit_rates: {'3000 Kbps', '4500 Kbps', '6000 Kbps'}}"
acb02e50-95bb-1933-ad81-37b97ed32b97,"{encoding: '1080p', height: 1080, width: 1920, bit_rates: {'3000 Kbps', '4500 Kbps', '6000 Kbps'}}"
419fe601-e4b2-1593-adf6-5f518fe7759b,"{encoding: '1080p', height: 1080, width: 1920, bit_rates: {'3000 Kbps', '4500 Kbps', '6000 Kbps'}}"
7ad136a5-6f0b-1e6e-98f8-d0b578ce7f11,"{encoding: '1080p', height: 1080, width: 1920, bit_rates: {'3000 Kbps', '4500 Kbps', '6000 Kbps'}}"
fb7f0b61-41fd-14d9-9976-3434259b4cf2,"{encoding: '1080p', height: 1080, width: 1920, bit_rates: {'3000 Kbps', '4500 Kbps', '6000 Kbps'}}"
21f3a8cf-d7d8-1cb8-9803-c21da4c86eb6,"{encoding: '1080p', height: 1080, width: 1920, bit_rates: {'3000 Kbps', '4500 Kbps', '6000 Kbps'}}"
a2dc5345-3c48-14e9-900c-8db32636df16,"{encoding: '1080p', height: 1080, width: 1920, bit_rates: {'3000 Kbps', '4500 Kbps', '6000 Kbps'}}"
7372dd78-f207-1abe-b16d-0715d707cf31,"{encoding: '1080p', height: 1080, width: 1920, bit_rates: {'3000 Kbps', '4500 Kbps', '6000 Kbps'}}"
fe3c4045-6f37-1223-81be-250dc60cffc8,"{encoding: '1080p', height: 1080, width: 1920, bit_rates: {'3000 Kbps', '4500 Kbps', '6000 Kbps'}}"
3cd961cc-31b6-1b0d-909a-284fc703afa9,"{encoding: '1080p', height: 1080, width: 1920, bit_rates: {'3000 Kbps', '4500 Kbps', '6000 Kbps'}}"
d5b77780-402a-1862-a685-453917b3b804,"{encoding: '1080p', height: 1080, width: 1920, bit_rates: {'3000 Kbps', '4500 Kbps', '6000 Kbps'}}"
d01d9809-356a-19a1-a604-20a6b627dc60,"{encoding: '1080p', height: 1080, width: 1920, bit_rates: {'3000 Kbps', '4500 Kbps', '6000 Kbps'}}"
fd16fb1c-ef2e-1d7d-ab2f-02714bc2a688,"{encoding: '1080p', height: 1080, width: 1920, bit_rates: {'3000 Kbps', '4500 Kbps', '6000 Kbps'}}"
4044d4e5-938a-116f-8f07-62a884418ef2,"{encoding: '1080p', height: 1080, width: 1920, bit_rates: {'3000 Kbps', '4500 Kbps', '6000 Kbps'}}"
ad97813b-b597-1081-b8e0-5442a764e5cf,"{encoding: '1080p', height: 1080, width: 1920, bit_rates: {'3000 Kbps', '4500 Kbps', '6000 Kbps'}}"
f60f6725-5b08-1eae-8180-f8c721f1a20d,"{encoding: '1080p', height: 1080, width: 1920, bit_rates: {'3000 Kbps', '4500 Kbps', '6000 Kbps'}}"
37b6697c-d8a0-1c41-87ec-eb85970bacbe,"{encoding: '1080p', height: 1080, width: 1920, bit_rates: {'3000 Kbps', '4500 Kbps', '6000 Kbps'}}"
5d799a01-407d-1d1b-8fb0-11b29835e236,"{encoding: '1080p', height: 1080, width: 1920, bit_rates: {'3000 Kbps', '4500 Kbps', '6000 Kbps'}}"
41da88df-f4a0-1d14-82e5-906a3a707f69,"{encoding: '1080p', height: 1080, width: 1920, bit_rates: {'3000 Kbps', '4500 Kbps', '6000 Kbps'}}"
b68132a3-7a41-10b3-9d9e-f60d2acf59bd,"{encoding: '1080p', height: 1080, width: 1920, bit_rates: {'3000 Kbps', '4500 Kbps', '6000 Kbps'}}"
2255ece5-fcee-1667-b93c-500221dc9887,"{encoding: '1080p', height: 1080, width: 1920, bit_rates: {'3000 Kbps', '4500 Kbps', '6000 Kbps'}}"
0e7fcb21-562f-1d35-a47e-f36b9ca5c269,"{encoding: '1080p', height: 1080, width: 1920, bit_rates: {'3000 Kbps', '4500 Kbps', '6000 Kbps'}}"
6725f628-90b8-1a89-bd40-cb78b036fd32,"{encoding: '1080p', height: 1080, width: 1920, bit_rates: {'3000 Kbps', '4500 Kbps', '6000 Kbps'}}"
ded73915-cd17-174f-825b-aa260db6bbe5,"{encoding: '1080p', height: 1080, width: 1920, bit_rates: {'3000 Kbps', '4500 Kbps', '6000 Kbps'}}"
ec5e6dd1-d411-1fcd-b2d6-65ac8d010576,"{encoding: '1080p', height: 1080, width: 1920, bit_rates: {'3000 Kbps', '4500 Kbps', '6000 Kbps'}}"
2db51ca1-3701-1df1-9377-33fb46e2ed62,"{encoding: '1080p', height: 1080, width: 1920, bit_rates: {'3000 Kbps', '4500 Kbps', '6000 Kbps'}}"
75611ef4-7652-1464-a5e6-6d088443acec,"{encoding: '1080p', height: 1080, width: 1920, bit_rates: {'3000 Kbps', '4500 Kbps', '6000 Kbps'}}"
9056808b-ca65-1bfb-9957-3bea148dfdce,"{encoding: '1080p', height: 1080, width: 1920, bit_rates: {'3000 Kbps', '4500 Kbps', '6000 Kbps'}}"
78b5dec7-c6fe-108c-a108-10e38f8872e4,"{encoding: '1080p', height: 1080, width: 1920, bit_rates: {'3000 Kbps', '4500 Kbps', '6000 Kbps'}}"
f175c439-ae48-119a-9b69-75486f0d8eaa,"{encoding: '1080p', height: 1080, width: 1920, bit_rates: {'3000 Kbps', '4500 Kbps', '6000 Kbps'}}"
19eed97b-f232-1e75-b882-a86d5629a1f3,"{encoding: '1080p', height: 1080, width: 1920, bit_rates: {'3000 Kbps', '4500 Kbps', '6000 Kbps'}}"
469bface-4e93-1979-a471-0a123f81e556,"{encoding: '1080p', height: 1080, width: 1920, bit_rates: {'3000 Kbps', '4500 Kbps', '6000 Kbps'}}"
8e567782-2bce-1872-8acc-a2473b9efdb3,"{encoding: '1080p', height: 1080, width: 1920, bit_rates: {'3000 Kbps', '4500 Kbps', '6000 Kbps'}}"
f71e4fe0-3d20-1798-b640-baf5a69f5ce6,"{encoding: '1080p', height: 1080, width: 1920, bit_rates: {'3000 Kbps', '4500 Kbps', '6000 Kbps'}}"
9328a4c7-159f-1e0b-8a42-7fda3dc77077,"{encoding: '1080p', height: 1080, width: 1920, bit_rates: {'3000 Kbps', '4500 Kbps', '6000 Kbps'}}"
e3eb9d31-462d-1c42-83f7-94c311b414c2,"{encoding: '1080p', height: 1080, width: 1920, bit_rates: {'3000 Kbps', '4500 Kbps', '6000 Kbps'}}"
dab20eb0-e9a3-1a47-8fc2-672b8bccfbb0,"{encoding: '1080p', height: 1080, width: 1920, bit_rates: {'3000 Kbps', '4500 Kbps', '6000 Kbps'}}"
3addeb41-b762-140d-8ae5-e4b295b03460,"{encoding: '1080p', height: 1080, width: 1920, bit_rates: {'3000 Kbps', '4500 Kbps', '6000 Kbps'}}"
d1adc99d-231b-19ae-82a3-4745068f3ce0,"{encoding: '1080p', height: 1080, width: 1920, bit_rates: {'3000 Kbps', '4500 Kbps', '6000 Kbps'}}"
31755cdd-bbb8-1ff4-b995-5797af54a943,"{encoding: '1080p', height: 1080, width: 1920, bit_rates: {'3000 Kbps', '4500 Kbps', '6000 Kbps'}}"
e671af65-0346-11b2-ab97-6b3d21dd7171,"{encoding: '1080p', height: 1080, width: 1920, bit_rates: {'3000 Kbps', '4500 Kbps', '6000 Kbps'}}"
ea049e24-a6dc-17df-9a06-96a6c5d58300,"{encoding: '1080p', height: 1080, width: 1920, bit_rates: {'3000 Kbps', '4500 Kbps', '6000 Kbps'}}"
f106c47e-1424-13ab-aef4-499c8d600dcf,"{encoding: '1080p', height: 1080, width: 1920, bit_rates: {'3000 Kbps', '4500 Kbps', '6000 Kbps'}}"
57b6315c-c9e7-199c-b3b7-7109a156ed05,"{encoding: '1080p', height: 1080, width: 1920, bit_rates: {'3000 Kbps', '4500 Kbps', '6000 Kbps'}}"
9718ece4-5e15-14c3-9d7d-d6e9d7d617ec,"{encoding: '1080p', height: 1080, width: 1920, bit_rates: {'3000 Kbps', '4500 Kbps', '6000 Kbps'}}"
fdf8d740-5e84-1ed3-8bc5-f5fde8699d9d,"{encoding: '1080p', height: 1080, width: 1920, bit_rates: {'3000 Kbps', '4500 Kbps', '6000 Kbps'}}"
7c7f2f97-b002-1a21-8f33-e0476fe737b5,"{encoding: '1080p', height: 1080, width: 1920, bit_rates: {'3000 Kbps', '4500 Kbps', '6000 Kbps'}}"
ad56ab57-37c9-1eab-9ec0-ea32414d8e9c,"{encoding: '1080p', height: 1080, width: 1920, bit_rates: {'3000 Kbps', '4500 Kbps', '6000 Kbps'}}"
584bbdbc-41e5-19d4-bda2-e6f4d1ec1f4a,"{encoding: '1080p', height: 1080, width: 1920, bit_rates: {'3000 Kbps', '4500 Kbps', '6000 Kbps'}}"
b59b598a-1074-1d46-8803-a4de7f8fee92,"{encoding: '1080p', height: 1080, width: 1920, bit_rates: {'3000 Kbps', '4500 Kbps', '6000 Kbps'}}"
667118a1-79e9-1c24-9f75-0b7838231618,"{encoding: '1080p', height: 1080, width: 1920, bit_rates: {'3000 Kbps', '4500 Kbps', '6000 Kbps'}}"
33811f55-d3ed-1125-8d47-ab34381d9f1e,"{encoding: '1080p', height: 1080, width: 1920, bit_rates: {'3000 Kbps', '4500 Kbps', '6000 Kbps'}}"
2e8ecb4f-e92b-139b-8183-4df0e2a817bb,"{encoding: '1080p', height: 1080, width: 1920, bit_rates: {'3000 Kbps', '4500 Kbps', '6000 Kbps'}}"
53b1f2db-90c3-148b-8adb-7aa2664ed1d7,"{encoding: '1080p', height: 1080, width: 1920, bit_rates: {'3000 Kbps', '4500 Kbps', '6000 Kbps'}}"
1ecbd956-384c-16f0-923b-961376bb53d1,"{encoding: '1080p', height: 1080, width: 1920, bit_rates: {'3000 Kbps', '4500 Kbps', '6000 Kbps'}}"
5eb144ca-4c3f-1ac7-85ad-f536bee0d645,"{encoding: '1080p', height: 1080, width: 1920, bit_rates: {'3000 Kbps', '4500 Kbps', '6000 Kbps'}}"
f6bff484-bd8b-1afd-83f7-f65ca1fec854,"{encoding: '1080p', height: 1080, width: 1920, bit_rates: {'3000 Kbps', '4500 Kbps', '6000 Kbps'}}"
9eabdb9c-3a30-124d-8424-d7b9b8621c9e,"{encoding: '1080p', height: 1080, width: 1920, bit_rates: {'3000 Kbps', '4500 Kbps', '6000 Kbps'}}"
4d67c2de-bc1b-1bfd-8dea-9e3ffa5a19c6,"{encoding: '1080p', height: 1080, width: 1920, bit_rates: {'3000 Kbps', '4500 Kbps', '6000 Kbps'}}"
c724be4c-d15b-1320-8ac2-9a283b9c1994,"{encoding: '1080p', height: 1080, width: 1920, bit_rates: {'3000 Kbps', '4500 Kbps', '6000 Kbps'}}"
2f5c2834-9076-1484-b5d2-4ee454491791,"{encoding: '1080p', height: 1080, width: 1920, bit_rates: {'3000 Kbps', '4500 Kbps', '6000 Kbps'}}"
54c17c68-ea94-14da-bec7-49447bd8c736,"{encoding: '1080p', height: 1080, width: 1920, bit_rates: {'3000 Kbps', '4500 Kbps', '6000 Kbps'}}"
87565048-9ba6-1dc2-9a42-d0470ccc7a5a,"{encoding: '1080p', height: 1080, width: 1920, bit_rates: {'3000 Kbps', '4500 Kbps', '6000 Kbps'}}"
bb95a54a-b376-108f-bc6b-8500846b29e4,"{encoding: '1080p', height: 1080, width: 1920, bit_rates: {'3000 Kbps', '4500 Kbps', '6000 Kbps'}}"
786d348c-9183-1cde-97f4-cdb02c45b7fa,"{encoding: '1080p', height: 1080, width: 1920, bit_rates: {'3000 Kbps', '4500 Kbps', '6000 Kbps'}}"
1b637c00-512a-1a4c-ac30-582cf8c1437a,"{encoding: '1080p', height: 1080, width: 1920, bit_rates: {'3000 Kbps', '4500 Kbps', '6000 Kbps'}}"
8954bdc1-2724-10e4-b6df-bd1391d331e2,"{encoding: '1080p', height: 1080, width: 1920, bit_rates: {'3000 Kbps', '4500 Kbps', '6000 Kbps'}}"
dc1f14c5-5428-12d7-85ae-9e6da6569f80,"{encoding: '1080p', height: 1080, width: 1920, bit_rates: {'3000 Kbps', '4500 Kbps', '6000 Kbps'}}"
19450789-1b8f-195b-9458-c2d330491b7d,"{encoding: '1080p', height: 1080, width: 1920, bit_rates: {'3000 Kbps', '4500 Kbps', '6000 Kbps'}}"
51bd70fb-ea8e-1eb8-ab83-8abeed7e56a2,"{encoding: '1080p', height: 1080, width: 1920, bit_rates: {'3000 Kbps', '4500 Kbps', '6000 Kbps'}}"
7346cbe4-efa8-1279-ae56-29beba418921,"{encoding: '1080p', height: 1080, width: 1920, bit_rates: {'3000 Kbps', '4500 Kbps', '6000 Kbps'}}"
22e00ff2-e765-1c63-8159-0a54e39139cf,"{encoding: '1080p', height: 1080, width: 1920, bit_rates: {'3000 Kbps', '4500 Kbps', '6000 Kbps'}}"
e23ca9ed-0faa-14a9-b067-a4dca1712203,"{encoding: '1080p', height: 1080, width: 1920, bit_rates: {'3000 Kbps', '4500 Kbps', '6000 Kbps'}}"
34795a95-fe15-12ef-93ff-20d697332be4,"{encoding: '1080p', height: 1080, width: 1920, bit_rates: {'3000 Kbps', '4500 Kbps', '6000 Kbps'}}"
e4f41ded-139c-1d41-abf3-cae5cf881338,"{encoding: '1080p', height: 1080, width: 1920, bit_rates: {'3000 Kbps', '4500 Kbps', '6000 Kbps'}}"
872f8113-22e9-1f31-9dfd-05ae3222feb7,"{encoding: '1080p', height: 1080, width: 1920, bit_rates: {'3000 Kbps', '4500 Kbps', '6000 Kbps'}}"
b34a6867-d863-17fd-bba3-fc1a5e8d32cd,"{encoding: '1080p', height: 1080, width: 1920, bit_rates: {'3000 Kbps', '4500 Kbps', '6000 Kbps'}}"
01c18c2a-e7fb-10ad-95a6-07e3646afd22,"{encoding: '1080p', height: 1080, width: 1920, bit_rates: {'3000 Kbps', '4500 Kbps', '6000 Kbps'}}"
3d24f209-b8af-1862-b57d-3c373ce59dc4,"{encoding: '1080p', height: 1080, width: 1920, bit_rates: {'3000 Kbps', '4500 Kbps', '6000 Kbps'}}"
075701fc-dc53-1eea-83ce-724c16836e91,"{encoding: '1080p', height: 1080, width: 1920, bit_rates: {'3000 Kbps', '4500 Kbps', '6000 Kbps'}}"
ff98843a-2212-155c-8a40-997d56bb9ca6,"{encoding: '1080p', height: 1080, width: 1920, bit_rates: {'3000 Kbps', '4500 Kbps', '6000 Kbps'}}"
5eaf3663-3ac5-1505-b7fa-d59aa6647828,"{encoding: '1080p', height: 1080, width: 1920, bit_rates: {'3000 Kbps', '4500 Kbps', '6000 Kbps'}}"
bdb57288-e51c-1ff1-805d-c5f1e49c2c8b,"{encoding: '1080p', height: 1080, width: 1920, bit_rates: {'3000 Kbps', '4500 Kbps', '6000 Kbps'}}"
2e6f208d-978b-1a28-aed8-75a7fe26e6ae,"{encoding: '1080p', height: 1080, width: 1920, bit_rates: {'3000 Kbps', '4500 Kbps', '6000 Kbps'}}"
a01d63d6-223e-1a86-af2d-4202a521ea09,"{encoding: '1080p', height: 1080, width: 1920, bit_rates: {'3000 Kbps', '4500 Kbps', '6000 Kbps'}}"
74051b51-ff67-141d-abba-62e5b88635fa,"{encoding: '1080p', height: 1080, width: 1920, bit_rates: {'3000 Kbps', '4500 Kbps', '6000 Kbps'}}"
bd72fe83-c630-1a9d-8788-334583b39c94,"{encoding: '1080p', height: 1080, width: 1920, bit_rates: {'3000 Kbps', '4500 Kbps', '6000 Kbps'}}"
e2e6bd35-f57f-1bdc-9676-389bcae756ec,"{encoding: '1080p', height: 1080, width: 1920, bit_rates: {'3000 Kbps', '4500 Kbps', '6000 Kbps'}}"
da64b3b3-8d57-14e3-9f65-11da1c128635,"{encoding: '1080p', height: 1080, width: 1920, bit_rates: {'3000 Kbps', '4500 Kbps', '6000 Kbps'}}"
c3a75e42-3b0f-12b3-b423-c1b129ce35b5,"{encoding: '1080p', height: 1080, width: 1920, bit_rates: {'3000 Kbps', '4500 Kbps', '6000 Kbps'}}"
22f349de-df1d-1ce4-bf3c-faf292105d4c,"{encoding: '1080p', height: 1080, width: 1920, bit_rates: {'3000 Kbps', '4500 Kbps', '6000 Kbps'}}"
94f6de47-c70c-1b23-86b3-c2e8692034a5,"{encoding: '1080p', height: 1080, width: 1920, bit_rates: {'3000 Kbps', '4500 Kbps', '6000 Kbps'}}"
4da95b59-acda-1fd0-a7b4-0c6993bdeae9,"{encoding: '1080p', height: 1080, width: 1920, bit_rates: {'3000 Kbps', '4500 Kbps', '6000 Kbps'}}"
e51c300b-1d86-1e61-a3e7-b5cc96b4b53d,"{encoding: '1080p', height: 1080, width: 1920, bit_rates: {'3000 Kbps', '4500 Kbps', '6000 Kbps'}}"
1964e096-4680-1ca1-8c1e-bc0bfb3ca0d5,"{encoding: '1080p', height: 1080, width: 1920, bit_rates: {'3000 Kbps', '4500 Kbps', '6000 Kbps'}}"
1a238563-4aca-19a5-92a8-acf61a19dce3,"{encoding: '1080p', height: 1080, width: 1920, bit_rates: {'3000 Kbps', '4500 Kbps', '6000 Kbps'}}"
09aa7d61-a1cb-1c55-b5c5-c775820ab035,"{encoding: '1080p', height: 1080, width: 1920, bit_rates: {'3000 Kbps', '4500 Kbps', '6000 Kbps'}}"
57b2d693-ffae-1a23-938d-f7ed607a1142,"{encoding: '1080p', height: 1080, width: 1920, bit_rates: {'3000 Kbps', '4500 Kbps', '6000 Kbps'}}"
42f7d27e-b613-1911-bc22-a4b8e0885eaa,"{encoding: '1080p', height: 1080, width: 1920, bit_rates: {'3000 Kbps', '4500 Kbps', '6000 Kbps'}}"
bcd30f59-99b1-1785-9a76-7bcaceafc90f,"{encoding: '1080p', height: 1080, width: 1920, bit_rates: {'3000 Kbps', '4500 Kbps', '6000 Kbps'}}"
71c883d3-55c6-157a-95b3-90bfc123501c,"{encoding: '1080p', height: 1080, width: 1920, bit_rates: {'3000 Kbps', '4500 Kbps', '6000 Kbps'}}"
8559b198-6e9b-1c4e-ba17-1a148075cb99,"{encoding: '1080p', height: 1080, width: 1920, bit_rates: {'3000 Kbps', '4500 Kbps', '6000 Kbps'}}"
cbbddd91-373a-1f07-90d0-9c0487dfdaff,"{encoding: '1080p', height: 1080, width: 1920, bit_rates: {'3000 Kbps', '4500 Kbps', '6000 Kbps'}}"
984a4c84-5646-1971-9d0f-a54f9be750a4,"{encoding: '1080p', height: 1080, width: 1920, bit_rates: {'3000 Kbps', '4500 Kbps', '6000 Kbps'}}"
e4645b16-1d9d-19f5-9743-6b70124e16d9,"{encoding: '1080p', height: 1080, width: 1920, bit_rates: {'3000 Kbps', '4500 Kbps', '6000 Kbps'}}"
b3b0a0ce-df7f-19e8-aafa-a8f4d32df0ec,"{encoding: '1080p', height: 1080, width: 1920, bit_rates: {'3000 Kbps', '4500 Kbps', '6000 Kbps'}}"
3916782e-4d29-1b6f-8b54-ca728a9a9f9e,"{encoding: '1080p', height: 1080, width: 1920, bit_rates: {'3000 Kbps', '4500 Kbps', '6000 Kbps'}}"
4739ea30-906b-1436-a238-23a34702a49d,"{encoding: '1080p', height: 1080, width: 1920, bit_rates: {'3000 Kbps', '4500 Kbps', '6000 Kbps'}}"
e8825e06-03a1-1876-bf2f-ac53abe8837f,"{encoding: '1080p', height: 1080, width: 1920, bit_rates: {'3000 Kbps', '4500 Kbps', '6000 Kbps'}}"
3cb5b494-4f3f-13a2-8230-8f464e546c12,"{encoding: '1080p', height: 1080, width: 1920, bit_rates: {'3000 Kbps', '4500 Kbps', '6000 Kbps'}}"
dfa43a5a-f120-1c37-9313-6f4924c5168e,"{encoding: '1080p', height: 1080, width: 1920, bit_rates: {'3000 Kbps', '4500 Kbps', '6000 Kbps'}}"
a9381a6f-f51a-1f37-aeb5-67adf76880fc,"{encoding: '1080p', height: 1080, width: 1920, bit_rates: {'3000 Kbps', '4500 Kbps', '6000 Kbps'}}"
18bfe4f9-28d5-11ec-867b-9963a986e11b,"{encoding: '1080p', height: 1080, width: 1920, bit_rates: {'3000 Kbps', '4500 Kbps', '6000 Kbps'}}"
b3c37c4b-b625-1f7c-8c81-c5dc31d321cb,"{encoding: '1080p', height: 1080, width: 1920, bit_rates: {'3000 Kbps', '4500 Kbps', '6000 Kbps'}}"
607df86e-2208-18a8-90aa-6d837c659f2f,"{encoding: '1080p', height: 1080, width: 1920, bit_rates: {'3000 Kbps', '4500 Kbps', '6000 Kbps'}}"
7f0ceaad-2988-177c-ac70-f361663266cb,"{encoding: '1080p', height: 1080, width: 1920, bit_rates: {'3000 Kbps', '4500 Kbps', '6000 Kbps'}}"
15633b12-af9d-1eb3-a4bd-18a64d16704b,"{encoding: '1080p', height: 1080, width: 1920, bit_rates: {'3000 Kbps', '4500 Kbps', '6000 Kbps'}}"
e619d225-59a9-1ed8-b43f-dcf2905788c4,"{encoding: '1080p', height: 1080, width: 1920, bit_rates: {'3000 Kbps', '4500 Kbps', '6000 Kbps'}}"
